{"eval/loss": 1.1072564125061035, "eval/precision": 0.5517596213212596, "eval/recall": 0.4887504747436384, "eval/f1": 0.5183472565715804, "eval/accuracy": 0.8318846555908833, "eval/runtime": 93.8272, "eval/samples_per_second": 142.091, "eval/steps_per_second": 28.425, "train/epoch": 5.0, "train/global_step": 6940, "_timestamp": 1684302412.3840282, "_runtime": 107.74819231033325, "_step": 0, "_wandb": {"runtime": 104}}