{"eval/loss": 0.21933990716934204, "eval/precision": 0.7557046979865771, "eval/recall": 0.8440779610194903, "eval/f1": 0.7974504249291786, "eval/accuracy": 0.9219717612088184, "eval/runtime": 6.4736, "eval/samples_per_second": 133.928, "eval/steps_per_second": 26.878, "train/epoch": 5.0, "train/global_step": 6940, "_timestamp": 1684302194.4536936, "_runtime": 9.494536638259888, "_step": 0, "_wandb": {"runtime": 8}}