{"eval/loss": 5.538338661193848, "eval/precision": 0.05927549496603882, "eval/recall": 0.013810131732158639, "eval/f1": 0.022401186962527395, "eval/accuracy": 0.39327784837052837, "eval/runtime": 93.0762, "eval/samples_per_second": 99.499, "eval/steps_per_second": 19.908, "train/epoch": 5.0, "train/global_step": 6940, "_timestamp": 1684302301.5136352, "_runtime": 104.15260004997253, "_step": 0, "_wandb": {"runtime": 103}}